{"cameraMode":{"drawMode":0,"name":"Shaded","section":"Shading Mode"},"sceneLighting":false,"audioPlay":false,"sceneViewState":{"m_AlwaysRefresh":false,"showFog":true,"showSkybox":false,"showFlares":true,"showImageEffects":true,"showParticleSystems":true,"showVisualEffectGraphs":true,"m_FxEnabled":true},"in2DMode":false,"pivot":{"x":618.6927490234375,"y":900.1026000976563,"z":2.2269821166992189},"rotation":{"x":0.0245964452624321,"y":0.007495793979614973,"z":-0.00018371304031461477,"w":0.9996771812438965},"size":70.12584686279297,"orthographic":false}