{"cameraMode":{"drawMode":0,"name":"Shaded","section":"Shading Mode"},"sceneLighting":false,"audioPlay":false,"sceneViewState":{"m_AlwaysRefresh":false,"showFog":true,"showSkybox":false,"showFlares":true,"showImageEffects":true,"showParticleSystems":true,"showVisualEffectGraphs":true,"m_FxEnabled":true},"in2DMode":false,"pivot":{"x":0.6990676522254944,"y":0.2454812228679657,"z":-0.03521616384387016},"rotation":{"x":0.04448382928967476,"y":0.6693852543830872,"z":-0.040208540856838229,"w":0.7405003905296326},"size":1.207395076751709,"orthographic":false}